M,time_MOT,time_TOEP,time_ASAO
15,0.000879041,0.00178821,0.00547937
31,0.001535,0.00354012,0.0107528
63,0.0031645,0.007049,0.0212364
127,0.0075215,0.014816,0.0426125
255,0.0212541,0.0303714,0.0844498
511,0.0671957,0.0635131,0.168637
1023,0.236366,0.133137,0.337473
2047,0.881628,0.278982,0.675354
4095,3.39468,0.586769,1.3557
