M,time_MOT,time_TOEP,time_ASAO
15,0.00296929,0.00520123,0.025447
31,0.00461332,0.00968855,0.0516597
63,0.0083907,0.0181876,0.102889
127,0.0183105,0.0375907,0.204988
255,0.0476406,0.0773418,0.412939
511,0.225426,0.271129,1.34761
1023,0.712601,0.525055,2.63908
2047,2.53184,1.10273,5.30091
4095,8.77416,2.07899,9.64624
